2021,4,1,41,98,19,20,0.4878,0,3,0,0,0,0,0,0,0,0
2021,4,2,53,176,22,22,0.4151,0,5,2,4,1,1,0,1520,0,0
2021,4,3,78,184,26,42,0.5385,0,4,0,0,0,0,0,0,0,0
2021,4,4,37,100,23,15,0.4054,0,5,2,4,1,1,0,1350,1,0
2021,4,5,53,172,29,24,0.4528,0,10,0,0,0,0,0,0,0,0
2021,4,6,60,195,23,30,0.5,0,6,1,1,0,0,0,410,0,1
2021,4,7,32,93,20,18,0.5625,0,0,1,8,1,1,0,2520,0,1
2021,4,8,15,30,13,8,0.5333,0,0,0,0,0,0,0,0,0,1
2021,4,9,25,75,19,11,0.44,0,3,1,1,0,0,0,410,0,1
2021,4,10,23,52,9,14,0.6087,0,2,2,3,1,1,0,1840,0,0
2021,4,11,14,29,8,5,0.3571,0,0,0,0,0,0,0,0,0,0
2021,4,12,43,113,25,27,0.6279,0,3,1,1,0,0,0,1060,0,1
2021,4,13,62,192,26,27,0.4355,0,5,2,3,1,1,0,1720,0,1
2021,4,14,80,252,27,36,0.45,0,4,2,3,1,1,0,2070,0,1
2021,4,15,59,156,31,35,0.5932,0,5,0,0,0,0,0,0,0,1
2021,4,16,72,224,34,43,0.5972,0,2,1,1,0,0,0,1060,0,1
2021,4,17,39,108,25,16,0.4103,0,1,1,1,1,1,0,1260,0,0
2021,4,18,24,63,26,14,0.5833,0,0,0,0,0,0,0,0,1,0
2021,4,19,34,89,19,18,0.5294,0,1,2,3,0,0,0,1120,0,1
2021,4,20,28,72,21,16,0.5714,0,0,0,0,0,0,0,0,0,1
2021,4,21,37,146,36,22,0.5946,0,1,0,0,0,0,0,0,0,1
2021,4,22,27,73,24,13,0.4815,0,3,1,1,0,0,0,1060,0,1
2021,4,23,27,76,25,20,0.7407,0,3,0,0,0,0,0,0,0,1
2021,4,24,24,66,25,16,0.6667,0,0,0,0,0,0,0,0,0,0
2021,4,25,28,79,23,14,0.5,0,2,0,0,0,0,0,0,0,0
2021,4,26,31,205,47,14,0.4516,0,2,2,3,0,0,0,909,0,1
2021,4,27,51,230,37,23,0.451,0,7,1,1,0,0,0,1060,0,1
2021,4,28,37,182,30,18,0.4865,0,11,2,7,1,1,0,5440,0,1
2021,4,29,37,169,21,14,0.3784,0,6,4,6,1,1,0,4765,0,0
2021,4,30,47,155,26,25,0.5319,0,4,1,2,0,0,0,860,0,0
2021,5,1,27,113,32,15,0.5556,0,2,0,0,0,0,0,0,0,0
2021,5,2,39,133,20,18,0.4615,0,9,4,6,1,1,0,4780,0,0
2021,5,3,47,164,34,25,0.5319,0,4,0,0,0,0,0,0,0,1
2021,5,4,51,129,23,31,0.6078,0,7,1,2,1,1,0,1660,0,1
2021,5,5,48,171,32,25,0.5208,0,11,4,9,1,1,0,4150,1,1
2021,5,6,40,133,27,27,0.675,0,3,0,0,0,0,0,0,0,1
2021,5,7,48,147,35,21,0.4375,0,0,0,0,0,0,0,0,0,1
2021,5,8,29,97,26,12,0.4138,0,1,0,0,0,0,0,0,0,1
2021,5,9,28,75,23,12,0.4286,0,1,1,1,0,0,0,460,0,0
2021,5,10,21,74,23,9,0.4286,0,0,0,0,0,0,0,0,0,1
2021,5,11,31,88,27,18,0.5806,0,3,2,2,1,1,0,2620,0,1
2021,5,12,22,65,21,12,0.5455,0,2,1,3,1,1,0,1260,0,1
2021,5,13,28,78,22,14,0.5,0,2,0,0,0,0,0,0,0,1
2021,5,14,48,128,31,20,0.4167,0,1,0,0,0,0,0,0,0,1
2021,5,15,43,134,38,28,0.6512,0,2,1,1,0,0,0,460,0,1
2021,5,16,31,111,38,16,0.5161,0,1,0,0,0,0,0,0,0,1
2021,5,17,29,113,40,21,0.7241,0,0,0,0,0,0,0,0,0,1
2021,5,18,43,188,28,17,0.3953,0,13,3,9,1,1,0,2900,1,1
2021,5,19,56,202,37,31,0.5536,0,2,0,0,0,0,0,0,0,1
2021,5,20,56,160,18,27,0.4821,0,3,0,0,0,0,0,0,0,1
2021,5,21,89,280,32,51,0.573,0,8,0,0,0,0,0,0,0,1
2021,5,22,153,587,38,66,0.4314,0,14,4,6,1,1,0,6040,0,1
2021,5,23,100,411,50,45,0.45,0,10,3,3,1,1,0,3180,0,1
2021,5,24,64,232,26,36,0.5625,0,7,2,3,1,1,0,2580,0,1
2021,5,25,79,223,31,49,0.6203,0,11,1,5,1,1,0,3320,0,1
2021,5,26,115,361,45,61,0.5304,0,5,0,0,0,0,0,0,0,1
2021,5,27,78,235,27,37,0.4744,0,4,1,1,0,0,0,1060,0,1
2021,5,28,103,347,38,62,0.6019,0,7,0,0,0,0,0,0,0,1
2021,5,29,80,208,28,50,0.625,0,3,2,3,1,1,0,2720,0,1
2021,5,30,124,368,33,65,0.5242,0,11,1,2,1,1,0,1660,0,1
2021,5,31,83,276,35,35,0.4217,0,17,3,3,1,1,0,2061,0,1
2021,6,1,68,277,38,35,0.5147,0,8,2,3,1,1,0,2720,0,1
2021,6,2,45,129,23,22,0.4889,0,3,1,2,0,0,0,960,0,1
2021,6,3,21,63,22,16,0.7619,0,0,0,0,0,0,0,0,0,1
2021,6,4,37,96,35,21,0.5676,0,0,0,0,0,0,0,0,0,1
2021,6,5,35,98,30,18,0.5143,0,1,0,0,0,0,0,0,0,1
2021,6,6,38,85,22,30,0.7895,0,1,0,0,0,0,0,0,1,1
2021,6,7,21,38,19,15,0.7143,0,4,0,0,0,0,0,0,0,1
2021,6,8,29,85,22,13,0.4483,0,0,0,0,0,0,0,0,0,1
2021,6,9,32,67,19,24,0.75,0,0,0,0,0,0,0,0,0,1
2021,6,10,38,135,37,19,0.5,0,4,0,0,0,0,0,0,0,1
2021,6,11,29,59,23,18,0.6207,0,2,0,0,0,0,0,0,0,1
2021,6,12,36,115,28,17,0.4722,0,2,0,0,0,0,0,0,0,1
2021,6,13,39,144,34,25,0.641,0,2,0,0,0,0,0,0,0,1
2021,6,14,47,182,28,23,0.4894,0,5,0,0,0,0,0,0,0,1
2021,6,15,102,457,48,58,0.5686,0,16,4,6,1,1,0,5050,0,1
2021,6,16,117,378,27,47,0.4017,0,15,4,5,1,1,0,5040,0,1
2021,6,17,92,345,49,43,0.4674,0,10,3,3,1,1,0,3180,0,1
2021,6,18,67,238,34,35,0.5224,0,8,3,4,1,1,0,2010,1,1
2021,6,19,55,151,25,30,0.5455,0,3,0,0,0,0,0,0,0,1
2021,6,20,50,144,38,30,0.6,0,0,0,0,0,0,0,0,0,1
2021,6,21,39,107,31,22,0.5641,0,1,0,0,0,0,0,0,0,1
2021,6,22,40,148,34,24,0.6,0,3,1,1,0,0,0,410,0,1
2021,6,23,94,381,42,48,0.5106,0,18,5,5,1,1,0,5171,0,1
2021,6,24,98,334,26,50,0.5102,0,11,6,8,1,1,0,6860,0,1
2021,6,25,59,258,37,28,0.4746,0,10,2,4,1,1,0,1820,0,1
2021,6,26,112,492,40,46,0.4107,0,25,3,4,1,1,0,3580,0,1
2021,6,27,168,757,57,85,0.506,0,23,3,3,1,1,0,3180,0,1
2021,6,28,112,424,39,59,0.5268,0,26,4,7,1,1,0,6140,0,1
2021,6,29,64,310,47,33,0.5156,0,4,0,0,0,0,0,0,0,1
2021,6,30,62,354,39,29,0.4677,0,16,2,3,0,0,0,976,0,1
2021,7,1,61,276,41,34,0.5574,0,11,0,0,0,0,0,0,0,1
2021,7,2,56,254,35,34,0.6071,0,6,1,3,1,1,0,1610,0,1
2021,7,3,80,333,45,40,0.5,0,5,0,0,0,0,0,0,0,1
2021,7,4,90,474,46,54,0.6,0,19,3,6,1,1,0,2980,0,1
2021,7,5,74,506,45,38,0.5135,0,19,0,0,0,0,0,0,0,1
2021,7,6,76,302,26,41,0.5395,0,8,2,2,0,0,0,1120,0,1
2021,7,7,84,520,50,48,0.5714,0,6,3,3,0,0,0,1100,1,1
2021,7,8,122,537,35,56,0.459,0,35,5,11,2,0,0,9092,0,1
2021,7,9,80,315,42,45,0.5625,0,11,4,4,1,1,0,2380,0,1
2021,7,10,73,261,43,44,0.6027,0,11,2,3,1,1,0,2920,0,1
2021,7,11,91,422,50,44,0.4835,0,11,0,0,0,0,0,0,0,1
2021,7,12,82,389,48,42,0.5122,0,9,2,2,0,0,0,1120,0,1
2021,7,13,65,213,24,40,0.6154,0,4,0,0,0,0,0,0,0,1
2021,7,14,81,396,48,40,0.4938,0,14,1,1,0,0,0,660,0,1
2021,7,15,91,527,45,43,0.4725,0,21,2,2,0,0,0,720,0,1
2021,7,16,103,528,57,55,0.534,0,18,3,4,1,1,0,2430,0,1
2021,7,17,111,458,38,64,0.5766,0,14,2,4,1,1,0,1604,0,1
2021,7,18,116,458,49,70,0.6034,0,7,4,7,1,1,0,3200,1,1
2021,7,19,102,503,44,56,0.549,0,18,6,8,1,1,0,6082,0,1
2021,7,20,107,560,65,54,0.5047,0,10,3,5,1,1,0,2880,0,1
2021,7,21,200,1256,70,95,0.475,0,66,12,26,3,11,721,20095,0,1
2021,7,22,171,861,59,90,0.5263,0,23,3,14,1,1,0,8435,0,1
2021,7,23,155,805,59,68,0.4387,0,22,1,3,0,0,0,1160,0,1
2021,7,24,117,535,41,49,0.4188,0,16,1,2,0,0,0,1095,0,1
2021,7,25,117,590,49,48,0.4103,0,28,5,15,2,0,0,8910,0,1
2021,7,26,152,853,68,64,0.4211,0,22,2,6,1,1,0,3940,0,1
2021,7,27,82,412,56,40,0.4878,0,18,4,6,1,1,0,3700,0,1
2021,7,28,118,643,50,48,0.4068,0,20,5,10,1,1,0,5670,0,1
2021,7,29,132,849,48,58,0.4394,0,47,10,20,2,0,729,10436,0,1
2021,7,30,116,559,56,58,0.5,0,23,3,4,1,1,0,2771,0,1
2021,7,31,181,908,57,78,0.4309,0,38,8,10,1,1,0,4897,0,1
2021,8,1,165,850,77,75,0.4545,0,31,2,4,1,1,0,1860,0,1
2021,8,2,201,872,51,82,0.408,0,43,4,4,1,1,0,2540,0,1
2021,8,3,221,1257,68,99,0.448,0,45,12,16,1,1,0,6920,0,1
2021,8,4,163,683,58,76,0.4663,0,21,2,5,1,1,0,2019,0,1
2021,8,5,187,950,52,83,0.4439,0,30,7,11,1,1,0,5470,0,1
2021,8,6,159,816,61,80,0.5031,0,22,2,2,1,1,0,2520,0,1
2021,8,7,197,1163,56,93,0.4721,0,51,4,8,1,1,0,3340,0,1
2021,8,8,143,932,65,50,0.3497,0,37,17,27,2,0,808,13601,1,1
2021,8,9,164,744,66,72,0.439,0,18,4,4,1,1,0,2750,0,1
2021,8,10,167,708,69,85,0.509,0,24,5,6,1,1,0,2900,0,1
2021,8,11,145,682,61,63,0.4345,0,20,0,0,0,0,0,0,0,1
2021,8,12,575,2293,76,254,0.4417,0,90,7,10,1,1,0,5270,0,1
2021,8,13,285,1229,60,135,0.4737,0,35,4,9,1,1,0,4200,0,1
2021,8,14,183,668,69,78,0.4262,0,24,1,1,0,0,0,360,0,1
2021,8,15,145,540,60,73,0.5034,0,18,1,1,0,0,0,660,0,1
2021,8,16,159,714,54,83,0.522,0,24,3,4,1,1,0,2180,0,1
2021,8,17,145,715,54,68,0.469,0,32,4,7,1,1,0,5840,0,1
2021,8,18,173,834,55,78,0.4509,0,18,2,2,0,0,0,1035,1,1
2021,8,19,123,476,55,62,0.5041,0,17,3,6,1,1,0,2320,0,1
2021,8,20,160,663,65,80,0.5,0,15,0,0,0,0,0,0,0,1
2021,8,21,198,890,51,87,0.4394,0,28,2,2,0,0,0,920,0,1
2021,8,22,204,784,62,91,0.4461,0,23,1,1,0,0,0,460,0,1
2021,8,23,231,1174,57,105,0.4545,0,43,2,2,0,0,0,760,0,1
2021,8,24,235,987,52,106,0.4511,0,41,4,5,1,1,0,4690,0,1
2021,8,25,226,1009,61,109,0.4823,0,35,7,9,1,1,0,5170,0,1
2021,8,26,223,973,63,108,0.4843,0,36,2,3,1,1,0,1410,0,1
2021,8,27,240,1267,54,106,0.4417,0,48,8,15,2,0,827,10640,0,1
2021,8,28,196,935,46,83,0.4235,0,55,5,15,1,1,0,7316,0,0
2021,8,29,208,915,43,89,0.4279,0,27,4,7,1,1,0,3890,0,0
2021,8,30,251,1161,45,122,0.4861,0,54,6,10,1,1,0,6320,0,1
2021,8,31,220,989,66,109,0.4955,0,28,3,4,1,1,0,1380,0,1
2021,9,1,197,821,62,100,0.5076,0,25,6,10,1,1,0,7340,0,1
2021,9,2,163,637,53,94,0.5767,0,25,6,8,1,1,0,4310,0,1
2021,9,3,150,736,64,74,0.4933,0,20,4,7,1,1,0,6450,0,1
2021,9,4,227,873,68,126,0.5551,0,20,4,4,1,1,0,2290,0,1
2021,9,5,221,825,69,114,0.5158,0,18,3,4,1,1,0,2430,0,1
2021,9,6,163,664,51,86,0.5276,0,22,7,13,1,1,0,6915,0,1
2021,9,7,165,757,69,78,0.4727,0,20,2,2,1,1,0,1370,0,1
2021,9,8,153,631,68,91,0.5948,0,17,2,3,1,1,0,1690,0,1
2021,9,9,170,723,68,84,0.4941,0,15,3,5,1,1,0,1650,1,1
2021,9,10,104,379,44,54,0.5192,0,10,2,2,0,0,0,1118,0,1
2021,9,11,110,314,44,67,0.6091,0,11,0,0,0,0,0,0,0,1
2021,9,12,145,481,50,89,0.6138,0,19,1,1,0,0,0,560,0,1
2021,9,13,124,593,45,65,0.5242,0,21,6,12,1,1,0,6510,0,1
2021,9,14,158,744,70,77,0.4873,0,24,5,7,1,1,0,3750,0,1
2021,9,15,174,715,57,83,0.477,0,24,3,5,1,1,0,2430,0,1
2021,9,16,154,585,50,82,0.5325,0,22,1,1,0,0,0,460,0,1
2021,9,17,171,730,52,73,0.4269,0,30,2,2,0,0,0,770,0,1
2021,9,18,189,800,45,81,0.4286,0,39,8,13,1,1,0,5828,1,0
2021,9,19,141,624,66,72,0.5106,0,24,4,6,1,1,0,2698,0,0
2021,9,20,135,535,44,65,0.4815,0,14,3,5,1,1,0,2980,0,0
2021,9,21,142,565,70,70,0.493,0,18,2,3,1,1,0,2120,0,0
2021,9,22,155,652,59,79,0.5097,0,36,5,6,1,1,0,4091,0,1
2021,9,23,216,1204,66,95,0.4398,0,47,4,9,1,1,0,4800,0,1
2021,9,24,180,873,66,81,0.45,0,35,3,6,1,1,0,4780,0,1
2021,9,25,180,951,52,89,0.4944,0,30,5,8,1,1,0,3447,0,0
2021,9,26,177,715,64,87,0.4915,0,20,2,2,1,1,0,1370,0,0
2021,9,27,169,658,57,89,0.5266,0,33,1,3,1,1,0,1260,0,1
2021,9,28,234,1107,70,116,0.4957,0,34,5,9,1,1,0,6189,0,1
2021,9,29,143,745,56,63,0.4406,0,22,4,7,1,1,0,6038,0,1
2021,9,30,110,457,55,56,0.5091,0,15,2,2,0,0,0,920,0,1
2021,10,1,120,545,62,58,0.4833,0,13,5,6,1,1,0,3978,0,0
2021,10,2,133,715,67,57,0.4286,0,23,5,8,1,1,0,4895,0,0
2021,10,3,141,498,59,78,0.5532,0,12,1,2,0,0,0,760,0,0
2021,10,4,267,1296,65,126,0.4719,0,64,10,15,2,0,1004,12658,0,1
2021,10,5,244,1104,61,110,0.4508,0,55,6,16,1,1,0,7420,0,0
2021,10,6,216,964,64,86,0.3981,0,37,7,10,1,1,0,7370,0,0
2021,10,7,180,851,57,68,0.3778,0,40,5,10,1,1,0,5150,0,1
2021,10,8,145,709,57,64,0.4414,0,15,3,5,1,1,0,2053,0,0
2021,10,9,608,2553,68,191,0.3141,0,191,18,34,2,0,1009,10420,0,0
2021,10,10,761,2790,71,264,0.3469,0,134,24,43,3,11,1010,17437,1,0
2021,10,11,645,2232,80,240,0.3721,0,45,1,1,0,0,0,310,0,0
2021,10,12,469,1549,60,199,0.4243,0,40,1,1,0,0,0,460,0,1
2021,10,13,517,2038,77,193,0.3733,0,141,16,38,2,0,1013,13419,0,1
2021,10,14,415,1621,64,136,0.3277,0,76,5,9,1,1,0,2509,0,1
2021,10,15,316,1187,70,130,0.4114,0,29,4,10,1,1,0,5800,0,0
2021,10,16,330,1234,60,137,0.4152,0,36,3,4,1,1,0,1712,0,0
2021,10,17,359,1190,74,150,0.4178,0,36,1,2,0,0,0,510,0,0
2021,10,18,368,1321,61,138,0.375,0,38,4,6,1,1,0,2082,1,1
2021,10,19,349,1321,79,141,0.404,0,24,3,3,1,1,0,3230,0,1
2021,10,20,361,1497,71,133,0.3684,0,114,20,38,2,0,1020,12743,0,1
2021,10,21,362,1314,66,140,0.3867,0,36,4,9,1,1,0,3240,0,1
2021,10,22,261,937,65,117,0.4483,0,26,4,10,1,1,0,4430,0,1
2021,10,23,296,1017,54,131,0.4426,0,36,3,5,1,1,0,2806,0,0
2021,10,24,346,1203,76,161,0.4653,0,31,3,5,1,1,0,2360,0,0
2021,10,25,334,1530,76,134,0.4012,0,119,13,37,2,0,0,9107,0,1
2021,10,26,344,1792,78,132,0.3837,0,89,12,21,2,0,1026,12870,0,1
2021,10,27,298,1388,74,121,0.406,0,54,7,11,1,1,0,4363,0,1
2021,10,28,301,1149,81,142,0.4718,0,31,4,7,1,1,0,3640,0,0
2021,10,29,306,1300,73,126,0.4118,0,64,11,22,1,1,0,7300,0,0
2021,10,30,399,1941,78,139,0.3484,0,94,14,44,2,0,1030,13410,0,0
2021,10,31,300,1267,79,125,0.4167,0,32,10,17,1,1,0,5120,0,0
2021,11,1,252,1111,76,131,0.5198,0,12,5,7,1,1,0,4150,0,0
2021,11,2,262,1029,70,122,0.4656,0,20,5,6,1,1,0,4540,0,0
2021,11,3,262,1291,76,121,0.4618,0,38,8,15,1,1,0,7580,0,1
2021,11,4,243,1284,77,109,0.4486,0,44,6,14,2,0,0,9220,0,0
2021,11,5,207,1042,81,93,0.4493,0,28,3,4,1,1,0,3140,0,0
2021,11,6,209,773,72,98,0.4689,0,10,2,3,1,1,0,2520,0,0
2021,11,7,214,984,71,71,0.3318,0,24,2,4,1,1,0,1420,0,0
2021,11,8,239,1265,70,88,0.3682,0,128,26,80,4,11,1108,26453,0,0
2021,11,9,232,844,57,97,0.4181,0,41,8,18,1,1,0,5840,0,1
2021,11,10,126,330,44,72,0.5714,0,0,0,0,0,0,0,0,0,1
2021,11,11,164,410,55,85,0.5183,0,0,0,0,0,0,0,0,1,1
2021,11,12,119,283,40,54,0.4538,0,0,0,0,0,0,0,0,0,0
2021,11,13,97,249,39,45,0.4639,0,0,0,0,0,0,0,0,0,0
2021,11,14,98,242,43,36,0.3673,0,0,0,0,0,0,0,0,0,0
2021,11,15,86,184,41,46,0.5349,0,0,0,0,0,0,0,0,0,0
2021,11,16,93,274,52,47,0.5054,0,0,0,0,0,0,0,0,0,0
2021,11,17,97,246,48,43,0.4433,0,0,0,0,0,0,0,0,0,0
2021,11,18,97,213,39,46,0.4742,0,0,0,0,0,0,0,0,1,1
2021,11,19,93,225,38,46,0.4946,0,0,0,0,0,0,0,0,0,0
2021,11,20,131,352,46,47,0.3588,0,5,0,0,0,0,0,0,0,0
2021,11,21,292,1249,75,115,0.3938,0,73,13,28,2,0,1121,10798,0,0
2021,11,22,223,901,65,90,0.4036,0,34,6,7,1,1,0,2120,0,0
2021,11,23,204,1006,79,65,0.3186,0,20,4,5,1,1,0,2339,0,1
2021,11,24,141,522,70,72,0.5106,0,12,4,6,1,1,0,6298,0,1
2021,11,25,126,365,47,64,0.5079,0,4,0,0,0,0,0,0,0,1
2021,11,26,145,682,66,59,0.4069,0,27,2,4,1,1,0,1320,0,0
2021,11,27,141,672,76,64,0.4539,0,15,4,5,1,1,0,2205,0,0
2021,11,28,147,570,62,68,0.4626,0,13,0,0,0,0,0,0,0,0
2021,11,29,126,511,67,64,0.5079,0,14,2,4,1,1,0,3720,0,1
2021,11,30,124,570,68,43,0.3468,0,18,3,6,1,1,0,7430,0,1
2021,12,1,94,353,57,42,0.4468,0,7,1,1,0,0,0,256,0,1
2021,12,2,135,673,59,45,0.3333,0,68,13,31,2,0,1202,9446,0,1
2021,12,3,140,659,62,34,0.2429,0,48,11,20,2,0,0,8690,0,1
2021,12,4,140,567,60,30,0.2143,0,24,3,3,0,0,0,1080,0,0
2021,12,5,118,385,53,31,0.2627,0,9,1,1,0,0,0,360,0,0
2021,12,6,132,447,55,48,0.3636,0,8,2,2,1,1,0,5720,0,1
2021,12,7,110,369,67,47,0.4273,0,8,1,2,1,1,0,2560,0,1
2021,12,8,89,283,62,24,0.2697,0,1,0,0,0,0,0,0,0,1
2021,12,9,92,352,49,31,0.337,0,16,1,1,0,0,0,760,0,1
2021,12,10,120,576,72,31,0.2583,0,16,1,1,0,0,0,460,0,1
2021,12,11,145,503,62,44,0.3034,0,12,0,0,0,0,0,0,0,0
2021,12,12,194,921,55,48,0.2474,0,18,3,4,0,0,0,1200,1,0
2021,12,13,134,418,61,66,0.4925,0,8,0,0,0,0,0,0,0,1
2021,12,14,143,492,59,54,0.3776,0,25,3,6,1,1,0,3171,0,1
2021,12,15,125,451,62,48,0.384,0,3,1,1,0,0,0,200,0,1
2021,12,16,114,423,49,42,0.3684,0,8,1,2,0,0,0,610,0,1
2021,12,17,135,475,59,36,0.2667,0,58,10,28,2,0,1217,10759,0,1
2021,12,18,156,579,62,32,0.2051,0,59,17,41,2,0,1218,10863,1,1
2021,12,19,140,543,53,42,0.3,0,26,10,15,1,1,0,5050,0,1
2021,12,20,118,453,67,30,0.2542,0,28,6,9,1,1,0,2960,0,1
2021,12,21,124,443,62,38,0.3065,0,17,5,10,1,1,0,3900,0,1
2021,12,22,125,356,48,36,0.288,0,8,2,3,0,0,0,1020,0,1
2021,12,23,120,345,51,32,0.2667,0,11,2,3,0,0,0,870,0,1
2021,12,24,105,317,54,34,0.3238,0,11,1,1,0,0,0,60,0,1
2021,12,25,174,569,55,54,0.3103,0,25,2,4,0,0,0,1120,0,0
2021,12,26,240,947,78,46,0.1917,0,31,7,12,1,1,0,5145,0,0
2021,12,27,182,640,78,53,0.2912,0,11,1,1,0,0,0,360,0,1
2021,12,28,125,445,62,33,0.264,0,3,0,0,0,0,0,0,0,1
2021,12,29,124,362,50,45,0.3629,0,15,0,0,0,0,0,0,0,1
2021,12,30,178,754,66,39,0.2191,0,78,12,29,2,0,1230,11880,0,0
2021,12,31,152,545,67,36,0.2368,0,43,6,10,1,1,0,3160,0,0
2022,1,1,165,521,58,51,0.3091,26,53,21,45,2,0,101,12234,1,0
2022,1,2,164,668,72,37,0.2256,33,51,6,16,1,1,0,4326,0,0
2022,1,3,146,514,73,39,0.2671,24,33,10,23,1,1,0,7300,0,1
2022,1,4,129,423,64,34,0.2636,19,24,4,9,1,1,0,2690,0,1
2022,1,5,190,937,67,50,0.2632,42,51,10,27,2,0,104,10627,0,1
2022,1,6,192,907,61,45,0.2344,41,46,2,3,0,0,0,844,0,1
2022,1,7,180,659,65,46,0.2556,32,28,8,15,1,1,0,6130,0,1
2022,1,8,160,535,69,41,0.2562,28,15,1,1,0,0,0,460,0,1
2022,1,9,184,687,70,46,0.25,28,19,1,2,0,0,0,1060,0,1
2022,1,10,180,975,74,48,0.2667,36,89,21,34,3,11,110,21534,0,1
2022,1,11,198,809,62,48,0.2424,38,64,12,30,2,0,0,8921,0,1
2022,1,12,173,704,67,41,0.237,38,39,9,17,1,1,0,5849,0,1
2022,1,13,165,607,58,49,0.297,32,34,8,14,1,1,0,4630,0,1
2022,1,14,139,504,57,38,0.2734,19,27,8,19,1,1,0,6716,0,1
2022,1,15,145,565,48,29,0.2,30,15,2,2,1,1,0,1370,0,1
2022,1,16,173,669,57,49,0.2832,27,35,6,6,1,1,0,2006,0,1
2022,1,17,245,918,75,66,0.2694,35,28,2,3,0,0,0,870,0,1
2022,1,18,251,988,69,65,0.259,24,36,12,20,1,1,0,8382,1,1
2022,1,19,171,728,73,33,0.193,20,58,13,23,2,0,120,9343,0,1
2022,1,20,149,471,49,56,0.3758,11,37,9,26,1,1,0,7533,0,1
2022,1,21,141,579,58,32,0.227,20,36,8,11,1,1,0,3230,0,1
2022,1,22,139,589,70,38,0.2734,26,31,9,16,1,1,0,8446,0,1
2022,1,23,130,426,47,38,0.2923,25,6,0,0,0,0,0,0,0,1
2022,1,24,129,484,61,30,0.2326,21,16,1,1,0,0,0,310,0,1
2022,1,25,118,425,47,39,0.3305,18,15,0,0,0,0,0,0,0,1
2022,1,26,95,364,53,29,0.3053,17,8,0,0,0,0,0,0,0,1
2022,1,27,88,315,44,22,0.25,10,15,0,0,0,0,0,0,0,1
2022,1,28,96,318,51,23,0.2396,16,1,0,0,0,0,0,0,0,1
2022,1,29,272,797,60,95,0.3493,29,30,12,14,1,1,0,6076,0,1
2022,1,30,300,1197,49,72,0.24,54,65,16,17,1,1,0,8198,0,1
2022,1,31,240,815,65,68,0.2833,43,51,10,17,1,1,0,8475,0,1
2022,2,1,232,882,54,61,0.2629,35,32,10,14,1,1,0,6580,0,0
2022,2,2,331,1077,60,88,0.2659,31,45,18,24,2,11,202,12138,1,0
2022,2,3,205,750,63,72,0.3512,26,36,12,15,1,1,0,7318,0,0
2022,2,4,237,818,67,78,0.3291,39,18,3,3,1,1,0,1733,0,0
2022,2,5,283,781,56,85,0.3004,45,47,13,15,1,1,0,7192,0,0
2022,2,6,284,871,56,81,0.2852,46,32,9,13,1,1,0,6400,0,0
2022,2,7,275,1004,57,91,0.3309,43,33,12,12,1,1,0,5988,0,1
2022,2,8,277,998,68,71,0.2563,47,41,6,9,1,1,0,4959,0,1
2022,2,9,275,970,58,87,0.3164,39,36,11,13,1,1,0,6056,0,1
2022,2,10,249,1008,61,67,0.2691,34,30,10,18,1,1,0,8379,0,1
2022,2,11,248,1129,64,50,0.2016,35,98,21,54,3,11,211,16698,0,1
2022,2,12,251,1120,68,41,0.1633,50,100,22,53,3,11,212,18152,0,1
2022,2,13,251,1024,53,49,0.1952,41,39,10,12,1,1,0,4740,0,1
2022,2,14,193,671,48,62,0.3212,26,31,5,6,1,1,0,1538,0,1
2022,2,15,214,853,55,50,0.2336,32,56,22,43,2,11,215,14968,0,1
2022,2,16,193,681,50,56,0.2902,28,54,13,20,1,1,0,7006,0,1
2022,2,17,189,658,52,57,0.3016,25,31,6,7,1,1,0,2527,0,1
2022,2,18,255,982,52,65,0.2549,45,76,32,59,3,11,218,18905,1,1
2022,2,19,193,715,46,44,0.228,34,53,10,22,1,1,0,6854,0,0
2022,2,20,149,566,52,26,0.1745,28,15,7,9,1,1,0,3597,0,1
2022,2,21,171,691,54,37,0.2164,28,65,17,27,2,0,0,9691,0,1
2022,2,22,155,625,45,48,0.3097,28,41,8,11,1,1,0,4374,0,1
2022,2,23,174,670,63,45,0.2586,27,31,11,16,1,1,0,5866,0,1
2022,2,24,157,628,53,35,0.2229,33,55,15,25,2,0,0,9418,0,1
2022,2,25,162,733,52,33,0.2037,23,43,10,14,1,1,0,5594,0,0
2022,2,26,153,484,45,41,0.268,34,30,5,11,1,1,0,4136,0,0
2022,2,27,191,680,58,41,0.2147,43,57,13,27,2,11,227,9607,0,0
2022,2,28,218,828,46,43,0.1972,37,72,21,40,2,11,228,14800,0,0
2022,3,1,212,887,50,47,0.2217,30,72,13,24,1,1,0,6745,0,1
2022,3,2,238,985,53,48,0.2017,33,73,14,29,2,0,0,9730,0,1
2022,3,3,1947,5774,86,567,0.2912,93,398,115,176,8,11111,303,60330,1,1
2022,3,4,590,1612,60,158,0.2678,36,98,14,26,2,0,304,9979,0,1
2022,3,5,886,3308,64,168,0.1896,106,245,48,78,4,11,305,35168,0,0
2022,3,6,490,1765,56,110,0.2245,79,136,30,53,4,11,306,24531,0,0
2022,3,7,281,906,58,80,0.2847,39,55,13,34,2,11,307,12504,0,1
2022,3,8,244,989,72,37,0.1516,50,76,12,21,1,1,0,7501,0,1
2022,3,9,211,854,44,7,0.0332,52,47,17,25,2,0,0,8801,0,1
2022,3,10,178,600,51,-2,-0.0112,50,33,7,21,1,1,0,6752,0,1
2022,3,11,143,624,46,-20,-0.1399,29,41,13,28,2,0,311,9696,0,1
2022,3,12,200,904,56,24,0.12,39,61,12,28,2,11,312,10528,0,0
2022,3,13,207,876,53,36,0.1739,26,64,14,27,1,1,0,8572,0,0
2022,3,14,206,757,55,59,0.2864,31,31,11,16,2,0,0,8915,0,1
2022,3,15,211,750,56,46,0.218,24,36,7,13,1,1,0,6926,0,1
2022,3,16,213,784,53,53,0.2488,26,52,20,42,2,11,317,13896,0,1
2022,3,17,215,676,46,51,0.2372,25,56,8,17,1,1,0,5088,0,1
2022,3,18,295,1094,54,63,0.2136,38,86,59,89,4,11,318,28156,1,1
2022,3,19,186,703,57,56,0.3011,26,47,10,22,1,1,0,6449,0,0
2022,3,20,354,1248,51,68,0.1921,132,98,15,36,2,11,320,12098,0,0
2022,3,21,273,874,61,74,0.2711,27,75,11,16,1,1,0,6701,0,1
2022,3,22,169,570,53,44,0.2604,23,41,3,3,1,1,0,2180,0,1
2022,3,23,197,672,50,53,0.269,24,32,5,13,1,1,0,3700,0,1
2022,3,24,238,869,49,68,0.2857,45,45,8,13,1,1,0,3949,0,1
2022,3,25,161,640,44,31,0.1925,23,35,9,15,1,1,0,5421,0,1
2022,3,26,177,762,46,-30,-0.1695,48,45,9,14,1,1,0,4558,0,0
2022,3,27,219,987,55,-33,-0.1507,45,76,10,16,1,1,0,5932,0,0
2022,3,28,239,1236,60,0,0,56,87,18,32,2,11,328,11201,0,1
2022,3,29,782,3115,71,72,0.0921,68,181,20,36,2,11,329,14261,0,1
2022,3,30,393,1595,70,65,0.1654,43,95,24,56,3,11,330,23173,0,1
2022,3,31,321,1590,79,74,0.2305,58,123,22,50,3,11,331,16794,0,1
2022,4,1,307,1286,68,47,0.1531,54,81,13,26,2,1,401,9091,0,1
2022,4,2,275,1237,63,39,0.1418,36,66,6,22,2,11,402,10070,0,0
2022,4,3,271,1107,66,38,0.1402,58,67,10,19,1,1,0,7438,0,0
2022,4,4,318,1446,67,38,0.1195,42,100,51,106,4,11,404,35476,1,0
2022,4,5,271,1317,68,29,0.107,41,75,15,28,2,11,405,12306,0,1
2022,4,6,306,1359,87,57,0.1863,45,76,19,39,2,11,406,12821,0,1
2022,4,7,283,1253,73,37,0.1307,54,69,15,30,2,11,407,13900,0,1
2022,4,8,256,1115,68,49,0.1914,38,74,11,18,1,1,0,6681,0,1
2022,4,9,314,1320,67,37,0.1178,53,67,12,27,2,1,409,8735,0,1
2022,4,10,268,1137,67,33,0.1231,44,79,12,28,1,1,0,8449,0,1
2022,4,11,247,1067,74,40,0.1619,46,73,16,31,2,1,410,9155,0,1
2022,4,12,285,1235,67,39,0.1368,51,84,15,31,2,1,411,9815,0,1
2022,4,13,345,1526,72,50,0.1449,60,92,14,26,2,11,412,10764,0,1
2022,4,14,300,1456,81,43,0.1433,57,93,14,25,2,1,0,8706,0,1
2022,4,15,318,1219,60,53,0.1667,74,78,5,12,1,1,0,4666,0,1
2022,4,16,375,1447,60,63,0.168,104,97,12,33,2,11,415,10157,0,1
2022,4,17,419,1603,65,66,0.1575,103,72,8,11,1,1,0,3830,0,1
2022,4,18,553,2379,68,85,0.1537,0,194,74,131,6,111,418,39893,1,1
2022,4,19,385,1374,65,72,0.187,0,84,9,16,1,1,0,4528,0,1
2022,4,20,356,1467,77,57,0.1601,0,62,11,20,2,11,420,10300,0,1
2022,4,21,351,1322,59,58,0.1652,0,83,7,16,1,1,0,7763,0,1
2022,4,22,334,1319,76,44,0.1317,0,82,10,16,1,1,0,5618,0,1
2022,4,23,369,1478,74,44,0.1192,0,86,10,17,1,1,0,6618,0,1
2022,4,24,424,2050,69,56,0.1321,0,93,9,22,1,1,0,7512,0,1
2022,4,25,371,1535,58,60,0.1617,0,111,26,62,3,11,425,19288,0,1
2022,4,26,359,1179,67,54,0.1504,0,66,15,34,2,11,426,15351,0,1
2022,4,27,336,1254,74,67,0.1994,0,62,13,23,2,11,427,10365,0,1
2022,4,28,304,1394,74,39,0.1283,0,80,9,15,1,1,0,5590,0,1
2022,4,29,390,1583,68,56,0.1436,0,101,17,34,3,11,428,21998,0,1
2022,4,30,416,1379,61,59,0.1418,0,83,9,18,1,1,0,6980,0,1
2022,5,1,387,1657,75,62,0.1602,0,82,12,20,1,1,0,8062,0,1
2022,5,2,409,1571,69,60,0.1467,0,79,10,19,1,1,0,6756,0,1
2022,5,3,371,1365,66,57,0.1536,0,89,12,34,2,11,503,13860,0,1
2022,5,4,375,1544,68,58,0.1547,0,83,11,16,1,1,0,5171,0,1
2022,5,5,425,1543,66,66,0.1553,0,125,56,98,4,11,505,37842,1,1
2022,5,6,365,1431,76,56,0.1534,0,85,8,12,1,1,0,4738,0,1
2022,5,7,370,1532,77,49,0.1324,0,102,19,42,2,11,506,13600,0,1
2022,5,8,357,1563,68,49,0.1373,0,99,14,28,2,1,507,9976,0,1
2022,5,9,308,1188,66,50,0.1623,0,77,11,24,1,1,0,6798,0,1
2022,5,10,359,1463,74,57,0.1588,0,92,17,37,3,11,509,16448,0,1
2022,5,11,355,1299,67,70,0.1972,0,99,28,49,3,11,510,21844,0,1
2022,5,12,342,1333,70,69,0.2018,0,74,16,31,2,11,511,13896,0,1
2022,5,13,274,1043,71,46,0.1679,0,52,14,23,2,11,512,10808,0,1
2022,5,14,302,1174,65,32,0.106,0,70,15,36,2,11,513,11460,0,1
2022,5,15,307,1196,68,31,0.101,0,63,10,21,1,1,0,6628,0,1
2022,5,16,395,1861,78,46,0.1165,0,121,12,27,2,0,0,8748,0,1
2022,5,17,369,1974,78,54,0.1463,0,103,13,29,2,11,518,13296,0,1
2022,5,18,432,2089,78,58,0.1343,0,128,49,92,4,11,518,30939,1,1
2022,5,19,674,2814,92,66,0.0979,0,128,11,19,1,1,0,8358,0,1
2022,5,20,1692,5507,102,125,0.0739,0,277,33,71,6,111,520,40166,0,1
2022,5,21,601,2439,88,78,0.1298,0,111,14,28,2,1,0,9228,0,1
2022,5,22,555,2814,89,70,0.1261,0,183,25,47,3,11,522,18800,0,1
2022,5,23,571,3212,85,83,0.1454,0,176,34,66,4,11,523,33036,0,1
2022,5,24,481,2518,95,76,0.158,0,83,10,19,1,1,0,5990,0,1
2022,5,25,385,1890,96,67,0.174,0,74,9,16,2,11,525,14782,0,1
2022,5,26,268,1348,86,61,0.2276,0,40,4,9,1,1,0,6790,0,1
2022,5,27,284,1405,86,49,0.1725,0,68,9,11,1,1,0,6759,0,1
2022,5,28,334,1513,88,48,0.1437,0,52,6,8,1,1,0,4660,0,1
2022,5,29,364,1758,95,52,0.1429,0,72,7,16,1,1,0,8070,0,1
2022,5,30,263,1112,91,43,0.1635,0,31,2,3,1,1,0,1320,0,1
2022,5,31,351,1475,89,56,0.1595,0,82,15,36,2,11,531,10805,0,1
2022,6,1,351,1952,100,39,0.1111,72,140,22,49,2,11,601,15578,0,1
2022,6,2,607,2719,96,63,0.1038,70,169,27,51,4,11,602,23306,0,1
2022,6,3,389,1908,87,53,0.1362,61,108,10,17,1,1,0,6360,0,0
2022,6,4,352,1521,82,44,0.125,82,99,13,33,2,11,604,11185,0,0
2022,6,5,339,1405,95,39,0.115,84,100,12,24,1,1,0,7725,0,1
2022,6,6,626,2593,92,167,0.2668,66,133,44,97,4,11,606,34772,1,1
2022,6,7,593,2631,92,188,0.317,96,151,22,81,4,11,607,34948,0,1
2022,6,8,649,2508,91,198,0.3051,109,157,20,39,2,11,608,13099,0,1
2022,6,9,505,2239,108,129,0.2554,94,129,12,32,2,11,609,14065,0,1
2022,6,10,569,2955,109,156,0.2742,99,158,21,54,3,11,610,20413,0,1
2022,6,11,706,3693,103,148,0.2096,187,180,22,46,3,11,611,17686,0,1
2022,6,12,613,2916,103,140,0.2284,172,178,21,37,2,11,612,14208,0,1
2022,6,13,527,2461,94,112,0.2125,147,148,20,33,2,11,613,10227,0,1
2022,6,14,491,2393,111,121,0.2464,118,137,23,58,4,11,614,24626,0,1
2022,6,15,516,2554,97,120,0.2326,133,145,22,44,2,11,615,15729,0,1
2022,6,16,480,2573,110,119,0.2479,134,144,23,46,3,11,616,19588,0,1
2022,6,17,488,2167,99,121,0.248,130,127,13,19,1,1,0,7529,0,1
2022,6,18,795,4081,111,181,0.2277,159,213,99,172,8,11111,618,53584,1,0
2022,6,19,635,3013,111,146,0.2299,140,150,18,37,2,11,619,14476,0,0
2022,6,20,456,2240,105,107,0.2346,131,113,16,47,3,11,620,16928,0,1
2022,6,21,435,2047,109,101,0.2322,102,94,17,27,2,11,621,15416,0,1
2022,6,22,453,1793,106,109,0.2406,111,86,11,21,2,11,622,11687,0,1
2022,6,23,388,1653,109,98,0.2526,98,69,11,16,2,11,623,10450,0,1
2022,6,24,405,1886,97,93,0.2296,109,91,14,23,1,1,0,8240,0,1
2022,6,25,394,2125,111,95,0.2411,120,114,12,33,2,11,625,11153,0,0
2022,6,26,485,2464,106,109,0.2247,137,119,12,30,2,11,626,10139,0,0
2022,6,27,425,2079,110,97,0.2282,109,97,19,42,2,11,627,14029,0,1
2022,6,28,394,2099,101,97,0.2462,91,100,15,31,2,11,628,10969,0,1
2022,6,29,421,1996,98,99,0.2352,100,124,14,35,2,11,629,14620,0,0
2022,6,30,374,1634,103,98,0.262,103,84,15,31,4,11,630,24638,0,1
2022,7,1,368,1896,106,90,0.2446,114,97,10,17,1,1,0,6310,0,0
2022,7,2,439,2446,108,107,0.2437,134,120,11,28,1,1,0,8390,0,0
2022,7,3,482,2704,122,98,0.2033,156,114,15,35,2,1,703,9786,0,0
2022,7,4,428,2432,106,102,0.2383,117,145,21,51,3,11,704,21350,0,0
2022,7,5,418,2216,118,109,0.2608,120,130,14,38,2,11,705,13560,0,0
2022,7,6,473,2655,105,103,0.2178,127,142,9,23,2,11,706,12050,0,0
2022,7,7,569,2948,112,136,0.239,121,169,64,147,7,1111,707,48919,1,0
2022,7,8,378,1667,114,105,0.2778,103,87,14,23,2,11,708,13410,0,0
2022,7,9,420,2091,110,98,0.2333,109,101,12,21,1,1,0,7303,0,0
2022,7,10,410,2023,117,96,0.2341,105,102,17,36,2,11,710,11327,0,0
2022,7,11,379,2046,138,97,0.2559,105,106,6,13,1,1,0,3690,0,0
2022,7,12,372,1732,106,90,0.2419,99,93,15,27,2,11,712,15536,0,0
2022,7,13,372,1915,98,79,0.2124,108,98,14,32,2,11,713,11250,0,0
2022,7,14,343,2068,111,84,0.2449,95,134,13,38,2,11,714,13100,0,0
2022,7,15,330,1629,111,90,0.2727,98,85,15,45,3,11,715,18224,0,0
2022,7,16,383,1969,108,90,0.235,127,122,14,36,2,11,716,14510,0,0
2022,7,17,400,1940,106,88,0.22,124,106,7,15,1,1,0,5342,0,0
2022,7,18,522,2366,111,146,0.2797,132,134,26,48,3,11,718,17843,1,0
2022,7,19,545,2305,112,165,0.3028,104,116,11,18,3,11,719,18434,0,0
2022,7,20,492,2600,114,121,0.2459,117,136,15,25,2,11,720,15680,0,0
2022,7,21,1099,3309,109,462,0.4204,112,174,20,47,3,11,721,21138,0,0
2022,7,22,532,1888,111,164,0.3083,107,115,8,29,2,11,722,9586,0,0
2022,7,23,379,1650,103,95,0.2507,97,70,11,22,1,1,0,6588,0,0
2022,7,24,446,2110,110,111,0.2489,95,113,14,27,3,11,724,17018,0,0
2022,7,25,416,1862,110,117,0.2812,97,114,16,27,2,11,725,11315,0,0
2022,7,26,338,1887,107,78,0.2308,71,106,12,20,2,1,726,9879,0,0
2022,7,27,368,1863,106,96,0.2609,71,132,13,43,2,11,727,14567,0,0
2022,7,28,365,1817,116,99,0.2712,80,102,13,34,3,11,728,18256,0,0
2022,7,29,314,1545,115,91,0.2898,68,85,7,14,1,1,0,5839,0,0
2022,7,30,327,1742,106,74,0.2263,90,87,12,24,2,11,730,10660,0,0
2022,7,31,413,2097,114,87,0.2107,87,98,16,39,2,11,731,13058,0,0
2022,8,1,365,1802,113,98,0.2685,62,100,8,18,1,1,0,5320,0,0
2022,8,2,374,1976,113,101,0.2701,68,66,8,12,1,1,0,4226,0,0
2022,8,3,359,2231,124,80,0.2228,65,112,7,19,1,1,0,6698,0,0
2022,8,4,530,2412,122,164,0.3094,69,131,15,42,3,11,804,18088,0,0
2022,8,5,393,2275,119,100,0.2545,77,120,15,25,2,11,805,14686,0,0
2022,8,6,397,2421,136,90,0.2267,80,100,12,31,3,11,806,19170,0,0
2022,8,7,424,2186,121,95,0.2241,93,127,12,29,2,11,807,10574,0,0
2022,8,8,442,2554,122,96,0.2172,99,185,56,123,6,111,808,40196,1,0
2022,8,9,353,1602,110,93,0.2635,84,55,9,20,2,11,809,10399,0,0
2022,8,10,353,2066,113,94,0.2663,70,75,15,31,2,1,0,9894,0,0
2022,8,11,374,2170,120,87,0.2326,81,146,10,22,2,11,811,10279,0,0
2022,8,12,320,1803,125,79,0.2469,72,94,12,23,2,11,812,12587,0,0
2022,8,13,310,1865,113,57,0.1839,72,97,6,14,1,1,0,5640,0,0
2022,8,14,326,1715,114,69,0.2117,77,107,12,33,2,11,814,11348,0,0
2022,8,15,319,1712,123,71,0.2226,84,96,15,35,2,11,815,11769,0,0
2022,8,16,657,2666,120,223,0.3394,90,100,14,29,2,11,816,12790,0,0
2022,8,17,636,3132,129,153,0.2406,149,119,14,35,2,11,817,12364,0,0
2022,8,18,410,2025,117,100,0.2439,78,102,33,73,3,11,818,23107,1,0
2022,8,19,269,1310,108,66,0.2454,53,61,7,20,1,1,0,6260,0,0
2022,8,20,284,1339,106,69,0.243,61,42,3,9,1,1,0,3270,0,0
2022,8,21,272,1348,111,66,0.2426,79,37,3,7,1,1,0,3150,0,0
2022,8,22,262,1302,111,61,0.2328,54,30,3,4,1,1,0,6128,0,0
2022,8,23,443,2077,124,114,0.2573,147,86,4,9,1,1,0,3540,0,0
2022,8,24,339,1691,117,95,0.2802,87,58,2,3,1,1,0,1220,0,0
2022,8,25,271,1252,122,73,0.2694,52,32,7,13,1,1,0,5852,0,0
2022,8,26,334,1836,117,102,0.3054,63,55,3,11,1,1,0,4460,0,0
2022,8,27,393,2102,121,119,0.3028,90,66,6,17,1,1,0,7220,0,0
2022,8,28,346,1659,120,104,0.3006,72,50,1,4,1,1,0,1410,0,0
2022,8,29,315,1649,118,89,0.2825,59,106,15,42,2,11,829,13404,0,0
2022,8,30,321,1638,115,88,0.2741,71,81,9,15,1,1,0,5798,0,1
2022,8,31,292,1406,115,70,0.2397,0,77,11,33,2,11,831,10040,0,1
2022,9,1,291,1395,115,83,0.2852,0,66,15,37,2,11,901,12940,0,1
2022,9,2,239,1346,113,60,0.251,0,66,8,24,2,11,902,10538,0,1
2022,9,3,305,1657,120,60,0.1967,0,82,4,5,1,1,0,2490,0,1
2022,9,4,303,1527,109,74,0.2442,0,86,7,18,1,1,0,6170,0,0
2022,9,5,407,2264,124,113,0.2776,0,126,18,32,2,11,905,13569,0,1
2022,9,6,409,2852,126,91,0.2225,0,128,7,16,1,1,0,5068,0,1
2022,9,7,404,2073,116,91,0.2252,0,106,9,20,1,1,0,7294,0,1
2022,9,8,385,2300,131,91,0.2364,0,137,11,27,2,11,908,15592,0,1
2022,9,9,1245,5250,134,322,0.2586,0,323,56,134,6,111,909,41868,1,0
2022,9,10,701,2740,118,159,0.2268,0,106,8,17,1,1,0,6339,0,0
2022,9,11,543,2295,126,124,0.2284,0,107,17,40,2,11,911,14210,0,0
2022,9,12,459,2031,118,127,0.2767,0,120,19,38,2,11,912,13309,0,1
2022,9,13,508,2490,125,125,0.2461,0,141,9,30,2,0,0,8664,0,1
2022,9,14,421,2094,121,84,0.1995,0,92,9,23,2,11,914,10848,0,1
2022,9,15,440,2010,120,99,0.225,0,111,16,44,3,11,915,17340,0,1
2022,9,16,419,2060,121,107,0.2554,0,96,15,39,3,11,916,18029,0,1
2022,9,17,437,2110,122,102,0.2334,0,102,7,20,1,1,0,5858,0,0
2022,9,18,595,3750,124,115,0.1933,0,209,30,71,4,11,918,24602,1,0
2022,9,19,448,2366,122,97,0.2165,0,92,8,22,2,0,0,9131,0,1
2022,9,20,465,2096,119,119,0.2559,0,75,9,19,1,1,0,7829,0,1
2022,9,21,479,2421,126,108,0.2255,0,135,20,48,3,11,921,18062,0,1
2022,9,22,452,1769,120,127,0.281,0,81,7,16,1,1,0,6169,0,0
2022,9,23,418,1777,122,92,0.2201,0,84,9,18,1,1,0,5596,0,0
2022,9,24,446,2089,120,89,0.1996,0,69,7,21,1,1,0,7093,0,0
2022,9,25,568,2581,121,142,0.25,0,110,14,29,2,0,0,9625,0,0
2022,9,26,453,2169,121,113,0.2494,0,103,16,52,4,11,926,25102,0,0
2022,9,27,518,2325,122,107,0.2066,0,98,14,24,2,0,0,8798,0,0
2022,9,28,470,2185,121,111,0.2362,0,109,11,36,2,11,928,10934,0,0
2022,9,29,352,1714,116,74,0.2102,0,96,13,34,2,11,929,13110,0,0
2022,9,30,270,1409,120,80,0.2963,0,64,14,40,2,11,930,13938,0,0
2022,10,1,287,1588,112,47,0.1638,0,114,16,30,2,11,1001,10926,0,0
2022,10,2,309,1652,119,69,0.2233,0,80,4,10,1,1,0,3749,0,0
2022,10,3,290,1342,112,71,0.2448,0,88,15,27,2,11,1003,10200,0,0
2022,10,4,280,1437,117,72,0.2571,0,77,11,31,2,11,1004,10338,0,0
2022,10,5,304,1361,120,74,0.2434,0,61,9,24,2,1,1005,9720,0,0
2022,10,6,254,1075,113,73,0.2874,0,66,8,23,2,11,1006,11290,0,0
2022,10,7,268,1328,124,64,0.2388,0,51,4,13,1,1,0,4578,0,0
2022,10,8,286,1227,113,73,0.2552,0,45,2,5,1,1,0,1240,0,0
2022,10,9,329,1364,117,80,0.2432,0,59,6,20,1,1,0,5920,0,0
2022,10,10,416,2154,124,92,0.2212,0,116,26,51,2,11,1010,15756,1,0
2022,10,11,464,1727,124,161,0.347,0,86,6,13,1,1,0,4628,0,0
2022,10,12,344,1621,126,94,0.2733,0,61,10,22,2,1,0,9329,0,0
2022,10,13,308,1340,124,91,0.2955,0,55,7,15,1,1,0,7320,0,0
2022,10,14,335,1674,122,82,0.2448,0,77,7,13,1,1,0,3958,0,0
2022,10,15,375,1670,124,89,0.2373,0,47,3,5,1,1,0,2318,0,0
2022,10,16,400,1900,120,96,0.24,0,92,10,29,2,1,0,9958,0,0
2022,10,17,322,1676,118,82,0.2547,0,60,8,20,2,1,0,9543,0,0
2022,10,18,358,1546,122,87,0.243,0,93,20,50,3,11,1018,22445,1,1
2022,10,19,282,1119,116,64,0.227,0,55,5,14,1,1,0,3830,0,0
2022,10,20,462,1748,115,129,0.2792,0,98,10,23,2,1,0,9040,0,0
2022,10,21,305,1283,123,99,0.3246,0,54,9,25,2,11,1020,13519,0,0
2022,10,22,265,1430,120,56,0.2113,0,78,4,9,1,1,0,3277,0,0
2022,10,23,280,1432,117,76,0.2714,0,36,8,15,1,1,0,4948,0,0
2022,10,24,283,1365,134,87,0.3074,0,56,5,11,1,1,0,4260,0,0
2022,10,25,288,1581,125,71,0.2465,0,81,7,13,1,1,0,4987,0,0
2022,10,26,321,1657,127,96,0.2991,0,113,8,16,1,1,0,5200,0,0
2022,10,27,259,1640,128,61,0.2355,0,65,6,19,1,1,0,6913,0,0
2022,10,28,293,1409,124,74,0.2526,0,65,10,17,1,1,0,8001,0,0
2022,10,29,351,1521,126,95,0.2707,0,41,5,8,1,1,0,2340,0,0
2022,10,30,440,1876,127,120,0.2727,0,87,7,15,1,1,0,4873,0,0
2022,10,31,424,1908,133,110,0.2594,0,95,8,17,1,1,0,6078,0,0
2022,11,1,382,1800,131,94,0.2461,0,63,10,28,1,1,0,8367,0,0
2022,11,2,401,2192,132,89,0.2219,0,61,6,14,1,1,0,4900,0,0
2022,11,3,404,1764,130,98,0.2426,0,62,12,26,2,1,1103,9607,0,0
2022,11,4,359,1639,137,102,0.2841,0,82,9,19,2,0,0,8718,0,0
2022,11,5,297,1526,117,65,0.2189,0,57,9,20,1,1,0,6720,0,0
2022,11,6,590,2529,140,168,0.2847,0,117,8,21,2,0,0,8680,0,0
2022,11,7,452,1772,127,139,0.3075,0,47,8,22,1,1,0,7499,0,0
2022,11,8,326,1313,130,89,0.273,0,54,3,4,1,1,0,1750,0,0
2022,11,9,329,1279,122,90,0.2736,0,59,9,23,1,1,0,8399,0,0
2022,11,10,573,2711,143,154,0.2688,0,118,7,13,1,1,0,6290,0,0
2022,11,11,610,3042,147,142,0.2328,122,160,55,127,6,111,1111,42109,1,0
2022,11,12,373,1939,142,72,0.193,96,94,12,27,3,11,1112,17160,0,0
2022,11,13,314,2216,142,64,0.2038,83,142,9,26,3,11,1113,17244,0,0
2022,11,14,304,1181,127,75,0.2467,72,44,3,7,1,1,0,3820,0,0
2022,11,15,339,1754,152,81,0.2389,73,107,13,30,2,11,1115,14995,0,0
2022,11,16,349,1868,151,85,0.2436,82,79,4,7,1,1,0,4318,0,0
2022,11,17,311,1582,144,80,0.2572,58,56,10,25,2,11,1117,10459,0,0
2022,11,18,292,1526,132,71,0.2432,57,69,14,24,2,1,1118,9303,1,0
2022,11,19,326,1535,148,100,0.3067,68,58,6,10,1,1,0,3700,0,0
2022,11,20,379,1705,137,105,0.277,71,72,13,21,2,11,1120,11066,0,0
2022,11,21,250,1079,134,68,0.272,60,52,7,22,1,1,0,6710,0,0
2022,11,22,257,1011,132,69,0.2685,74,39,2,4,1,1,0,1239,0,0
2022,11,23,298,1498,141,81,0.2718,89,89,6,10,1,1,0,4328,0,1
2022,11,24,281,1487,144,84,0.2989,83,92,8,16,1,1,0,5850,0,0
2022,11,25,279,1471,145,77,0.276,69,62,12,36,2,11,1125,14121,0,1
2022,11,26,343,1972,149,75,0.2187,121,81,7,15,1,1,0,4264,0,1
2022,11,27,465,2401,147,117,0.2516,137,111,10,20,1,1,0,7740,0,0
2022,11,28,409,2329,147,108,0.2641,98,95,19,31,2,11,1128,13549,0,0
2022,11,29,346,2025,159,72,0.2081,112,125,12,26,2,1,1129,9838,0,0
2022,11,30,407,1840,151,116,0.285,122,92,6,17,1,1,0,7260,0,0
2022,12,1,310,1656,145,85,0.2742,80,101,10,47,2,11,1201,15478,0,0
2022,12,2,268,1118,135,69,0.2575,82,66,2,2,0,0,0,553,0,0
2022,12,3,361,1609,148,84,0.2327,99,66,3,8,1,1,0,2100,0,0
2022,12,4,391,1744,146,90,0.2302,107,115,15,32,2,11,1204,10841,0,0
2022,12,5,371,1787,139,111,0.2992,96,84,10,23,2,0,0,9532,0,0
2022,12,6,351,1709,139,90,0.2564,85,106,10,34,2,11,1206,11239,0,0
2022,12,7,431,1961,141,102,0.2367,89,127,9,26,1,1,0,7284,0,0
2022,12,8,407,2061,151,100,0.2457,83,99,8,14,1,1,0,5616,0,0
2022,12,9,355,1585,140,108,0.3042,96,55,5,9,1,1,0,2686,0,0
2022,12,10,379,1598,139,95,0.2507,110,65,4,8,1,1,0,2580,0,0
2022,12,11,397,1948,160,87,0.2191,94,94,2,3,1,1,0,1270,0,0
2022,12,12,548,2668,141,126,0.2299,113,144,37,75,3,11,1213,22857,1,0
2022,12,13,345,1507,141,89,0.258,99,60,4,16,1,1,0,3999,0,0
2022,12,14,651,2817,165,225,0.3456,107,126,7,16,1,1,0,5161,0,0
2022,12,15,403,1827,146,128,0.3176,71,88,4,5,1,1,0,1750,0,0
2022,12,16,392,2054,148,104,0.2653,87,100,10,24,1,1,0,8018,0,0
2022,12,17,375,1978,135,84,0.224,98,110,7,11,1,1,0,3870,0,0
2022,12,18,355,1565,136,86,0.2423,102,101,12,25,1,1,0,8448,1,0
2022,12,19,266,1059,121,65,0.2444,68,48,8,19,2,1,1219,9623,0,0
2022,12,20,302,1306,137,74,0.245,88,69,10,27,2,11,1220,10570,0,0
2022,12,21,334,1231,127,87,0.2605,95,56,6,13,1,1,0,3838,0,1
2022,12,22,680,2064,147,283,0.4162,67,92,5,11,1,1,0,3715,0,1
2022,12,23,352,1289,123,118,0.3352,59,65,4,8,1,1,0,3861,0,0
2022,12,24,299,1299,128,83,0.2776,64,47,8,15,1,1,0,5786,0,0
2022,12,25,254,956,130,79,0.311,60,52,4,15,1,1,0,4280,0,0
2022,12,26,277,1088,129,87,0.3141,74,38,7,19,1,1,0,7317,0,0
2022,12,27,228,884,115,67,0.2939,47,29,5,11,1,1,0,5094,0,0
2022,12,28,226,1008,141,59,0.2611,54,53,3,9,1,1,0,3453,0,0
2022,12,29,251,1280,128,75,0.2988,75,52,4,6,1,1,0,3140,0,0
2022,12,30,267,1232,127,60,0.2247,70,52,5,10,1,1,0,3229,0,0
2022,12,31,251,1085,136,72,0.2869,85,34,3,4,1,1,0,2036,0,0
2023,1,1,268,1405,142,74,0.2761,83,40,7,14,1,1,0,5518,1,0
2023,1,2,288,1390,131,67,0.2326,93,74,5,9,1,1,0,4010,0,0
2023,1,3,331,1520,133,101,0.3051,87,57,7,16,1,1,0,5727,0,0
2023,1,4,289,1239,132,85,0.2941,82,54,8,17,1,1,0,5481,0,0
2023,1,5,283,1387,129,83,0.2933,68,102,8,18,1,1,0,5950,0,1
2023,1,6,291,1198,123,76,0.2612,81,55,7,20,1,1,0,7450,0,1
2023,1,7,334,1529,124,79,0.2365,67,62,8,14,1,1,0,5197,0,0
2023,1,8,339,1516,117,75,0.2212,78,62,6,13,1,1,0,4943,0,0
2023,1,9,291,1124,109,67,0.2302,76,59,8,17,1,1,0,6336,0,0
2023,1,10,287,1196,111,71,0.2474,74,51,4,9,1,1,0,2863,0,0
2023,1,11,348,1532,115,80,0.2299,87,70,15,46,2,11,111,13179,0,0
2023,1,12,304,1246,108,72,0.2368,57,51,6,14,1,1,0,4358,0,1
2023,1,13,251,961,107,77,0.3068,56,31,6,13,1,1,0,4683,0,0
2023,1,14,268,1117,107,64,0.2388,68,48,6,8,1,1,0,2797,0,0
2023,1,15,317,1124,116,91,0.2871,88,62,6,15,1,1,0,5896,0,0
2023,1,16,267,1185,111,81,0.3034,66,61,7,20,1,1,0,8126,0,0
2023,1,17,230,971,112,59,0.2565,45,55,2,3,0,0,0,1200,0,0
2023,1,18,234,774,103,67,0.2863,60,49,5,7,1,1,0,2230,1,0
2023,1,19,228,1016,109,67,0.2939,68,53,3,5,1,1,0,2100,0,0
2023,1,20,218,877,109,60,0.2752,57,47,2,3,1,1,0,1286,0,0
2023,1,21,241,1022,112,63,0.2614,70,43,9,26,2,11,121,10290,0,0
2023,1,22,275,1032,106,75,0.2727,66,52,4,5,1,1,0,1510,0,0
2023,1,23,276,1202,117,70,0.2536,68,43,5,11,1,1,0,4961,0,0
2023,1,24,264,981,103,67,0.2538,76,28,4,7,1,1,0,2718,0,0
2023,1,25,250,1074,102,63,0.252,76,43,5,10,1,1,0,4504,0,0
2023,1,26,254,1112,112,75,0.2953,75,49,3,9,1,1,0,3120,0,0
2023,1,27,298,1173,117,72,0.2416,66,52,2,5,1,1,0,2468,0,0
2023,1,28,267,1147,108,64,0.2397,69,40,4,8,1,1,0,5298,0,0
2023,1,29,291,1303,113,65,0.2234,81,54,8,13,1,1,0,5309,0,0
2023,1,30,284,1129,112,74,0.2606,69,54,5,8,1,1,0,3410,0,0
2023,1,31,293,1141,117,75,0.256,66,32,2,3,1,1,0,1570,0,0
2023,2,1,349,1331,114,100,0.2865,76,44,3,5,1,1,0,2280,0,0
2023,2,2,398,1670,121,106,0.2663,87,96,20,44,2,11,202,15446,1,0
2023,2,3,352,1597,117,87,0.2472,84,77,10,26,2,1,203,9278,0,0
2023,2,4,323,1219,107,81,0.2508,92,64,6,11,1,1,0,5623,0,0
2023,2,5,373,1654,115,97,0.2601,122,72,6,13,1,1,0,4828,0,0
2023,2,6,367,1481,109,105,0.2861,95,68,6,12,1,1,0,4117,0,0
2023,2,7,393,1693,113,101,0.257,115,92,6,13,1,1,0,4255,0,0
2023,2,8,349,1581,117,99,0.2837,102,72,9,20,1,1,0,7328,0,0
2023,2,9,327,1293,121,94,0.2875,74,60,9,19,1,1,0,6575,0,0
2023,2,10,363,1625,151,111,0.3058,87,59,7,17,1,1,0,6980,0,0
2023,2,11,448,2067,120,95,0.2121,135,97,9,26,1,1,0,7329,0,0
2023,2,12,468,2006,125,108,0.2308,138,118,6,19,1,1,0,7011,0,0
2023,2,13,406,1611,112,101,0.2488,122,109,15,42,2,11,213,13418,0,0
2023,2,14,378,1477,118,101,0.2672,101,58,7,26,2,1,214,9738,0,0
2023,2,15,351,1592,113,82,0.2336,77,87,15,41,2,1,215,12037,0,0
2023,2,16,306,1536,117,69,0.2255,84,76,12,29,2,1,216,10907,0,0
2023,2,17,321,1360,124,87,0.271,90,66,7,12,1,1,0,5386,0,0
2023,2,18,445,1624,125,114,0.2562,113,86,16,28,2,11,218,11390,1,0
2023,2,19,379,1698,122,93,0.2454,84,75,10,24,1,1,0,7836,0,0
2023,2,20,356,1399,118,78,0.2191,91,88,11,23,1,1,0,7487,0,0
2023,2,21,352,1376,119,92,0.2614,102,62,7,18,1,1,0,7367,0,0
2023,2,22,333,1297,112,93,0.2793,91,79,8,18,1,1,0,7878,0,0
2023,2,23,374,1343,116,112,0.2995,66,79,6,11,1,1,0,3670,0,0
2023,2,24,515,1820,119,132,0.2563,98,84,5,21,2,11,224,11430,0,0
2023,2,25,362,1399,115,90,0.2486,111,79,6,13,1,1,0,6925,0,0
2023,2,26,369,1673,126,91,0.2466,125,100,8,19,1,1,0,6360,0,0
2023,2,27,350,1335,118,88,0.2514,114,77,6,17,1,1,0,5227,0,0
2023,2,28,387,1787,127,92,0.2377,121,106,10,21,1,1,0,6560,0,0
2023,3,1,668,2293,119,203,0.3039,97,79,7,11,1,1,0,4530,0,0
2023,3,2,419,1691,117,126,0.3007,92,102,10,33,3,11,302,18345,0,0
2023,3,3,390,1764,129,106,0.2718,111,130,22,61,3,11,303,22215,1,0
2023,3,4,361,1758,125,76,0.2105,109,92,4,11,1,1,0,5430,0,0
2023,3,5,412,1872,125,99,0.2403,118,115,8,15,1,1,0,4412,0,0
2023,3,6,330,1313,113,91,0.2758,82,75,5,16,1,1,0,6827,0,0
2023,3,7,336,1472,122,96,0.2857,92,56,8,16,1,1,0,7310,0,0
2023,3,8,323,1510,118,85,0.2632,102,77,5,9,1,1,0,3177,0,0
2023,3,9,322,1264,110,95,0.295,87,57,2,5,1,1,0,1551,0,0
2023,3,10,309,1417,112,78,0.2524,99,66,3,5,1,1,0,2900,0,0
2023,3,11,369,1850,113,88,0.2385,108,78,8,15,1,1,0,6160,0,0
2023,3,12,383,1661,134,100,0.2611,109,84,8,18,1,1,0,6276,0,0
2023,3,13,354,1515,109,97,0.274,111,101,7,16,1,1,0,4910,0,0
2023,3,14,316,1315,114,86,0.2722,83,57,5,11,1,1,0,3740,0,0
2023,3,15,338,1749,116,94,0.2781,75,76,8,20,1,1,0,6390,0,0
2023,3,16,335,1363,122,67,0.2,95,77,6,18,1,1,0,6018,0,0
2023,3,17,401,1456,125,107,0.2668,105,50,2,3,0,0,0,870,0,0
2023,3,18,448,1903,128,111,0.2478,112,75,16,30,2,1,318,9354,1,0
2023,3,19,409,1627,127,77,0.1883,124,70,6,17,1,1,0,6099,0,0
2023,3,20,347,1595,117,75,0.2161,94,97,5,11,1,1,0,3470,0,0
2023,3,21,371,1630,120,87,0.2345,111,90,11,15,1,1,0,5570,0,0
2023,3,22,368,1794,146,83,0.2255,96,119,10,30,2,1,322,9870,0,0
2023,3,23,371,1553,123,96,0.2588,129,64,5,13,1,1,0,4470,0,0
2023,3,24,343,1562,131,97,0.2828,92,86,10,25,2,1,0,8999,0,0
2023,3,25,602,2779,129,138,0.2292,147,144,11,35,3,11,325,19822,0,0
2023,3,26,468,2468,146,106,0.2265,131,115,13,34,2,11,326,11264,0,0
2023,3,27,411,2078,134,110,0.2676,116,110,15,34,4,11,327,25196,0,0
2023,3,28,448,2008,133,124,0.2768,120,85,7,15,1,1,0,5780,0,0
2023,3,29,401,1472,119,110,0.2743,106,82,16,37,2,11,329,13438,0,0
2023,3,30,385,1656,126,114,0.2961,115,57,5,9,1,1,0,3090,0,0
2023,3,31,380,1499,121,106,0.2789,108,49,6,11,1,1,0,4978,0,0
2023,4,1,398,1892,146,108,0.2714,101,101,4,10,1,1,0,2848,0,0
2023,4,2,437,1796,123,108,0.2471,136,98,13,30,2,1,402,9520,0,0
2023,4,3,424,1572,125,101,0.2382,122,98,4,13,1,1,0,5000,0,0
2023,4,4,525,2254,146,153,0.2914,134,104,20,37,2,11,404,12383,1,0
2023,4,5,388,1438,127,107,0.2758,117,72,13,39,2,11,405,14078,0,0
2023,4,6,354,1356,135,108,0.3051,112,66,10,24,1,1,0,7118,0,0
2023,4,7,456,2141,144,115,0.2522,119,112,7,18,1,1,0,7592,0,0
2023,4,8,534,3073,143,133,0.2491,141,136,14,36,2,11,408,13468,0,0
2023,4,9,455,2260,158,106,0.233,147,109,9,19,1,1,0,6034,0,0
